{"cameraMode":{"drawMode":0,"name":"Shaded","section":"Shading Mode"},"sceneLighting":true,"audioPlay":false,"sceneViewState":{"m_AlwaysRefresh":false,"showFog":true,"showSkybox":true,"showFlares":true,"showImageEffects":true,"showParticleSystems":true,"showVisualEffectGraphs":true,"m_FxEnabled":true},"in2DMode":false,"pivot":{"x":31.877981185913087,"y":-4.0988287925720219,"z":272.4390869140625},"rotation":{"x":0.07256565243005753,"y":-0.21606852114200593,"z":0.016105223447084428,"w":0.9735449552536011},"size":36.5859260559082,"orthographic":false}