{"cameraMode":{"drawMode":0,"name":"Shaded","section":"Shading Mode"},"sceneLighting":true,"audioPlay":false,"sceneViewState":{"m_AlwaysRefresh":false,"showFog":true,"showSkybox":true,"showFlares":true,"showImageEffects":true,"showParticleSystems":true,"showVisualEffectGraphs":true,"m_FxEnabled":true},"in2DMode":false,"pivot":{"x":23.99945640563965,"y":10.794325828552246,"z":502.4259338378906},"rotation":{"x":0.016088560223579408,"y":-0.11612220853567124,"z":0.0018812494818121195,"w":0.9931055903434753},"size":56.337677001953128,"orthographic":false}